﻿   {

    "$schema": "http://json-schema.org/draft-04/schema#",
    "definitions": {
        "address": {
            "type": [ "object", "null" ],
            "properties": {
                "addressLine1": {
                    "type": "string",
                    "pattern": "^[^<>*]+$",
                    "minLength": 2,
                    "maxLength": 100
                },
                "addressLine2": {
                    "type": [ "string", "null" ],
                    "pattern": "^[^<>*]*$",
                    "title": "addressLine2",
                    "maxLength": 100
                },
                "city": {
                    "type": "string",
                    "title": "city",
                    "pattern": "^[^0-9<>!@#$%^&]+$",
                    "minLength": 2,
                    "maxLength": 100
                },
                "state": {
                    "type": [ "string", "null" ],
                    "title": "state",                    
                    "maxLength": 100
                },
                "postalCode": {
                    "type": [ "string", "null" ],
                    "title": "postalCode",
                    "maxLength": 30,
                    "description": "Zip or Postal Code"
                },
                "country": {
                    "type": "string",
                    "pattern": "^[a-zA-Z]{2,}$",
                    "minLength": 2,
                    "maxLength": 30
                }
            },
            "required": [ "addressLine1", "city", "country" ],
            "additionalProperties": false
        },

        "contactRoles": {
            "type": "object",
            "properties": {
                "roles": {
                    "type": "array",
                    "title": "roles",
                    "items": {
                        "type": "string",
                        "enum": [ "Primary", "Technical", "Billing" ]
                    },
                    "uniqueItems": true,
                    "default": "Primary",
                    "additionalItems": false
                }
            },
            "required": [ "roles" ],
            "additionalProperties": false
        },

        "parentContact": {
            "type": [ "object", "null" ],

            "properties": {
                "contactId": {
                    "type": "string",
                    "title": "contactId",
                    "minLength": 2,
                    "maxLength": 100,

                },
                "parentContactRoles": {
                    "$ref": "#/definitions/contactRoles"
                }
            },
            "required": [ "contactId", "parentContactRoles" ],
            "additionalProperties": false
        },

        "privateContact": {
            "type": [ "object", "null" ],
            "properties": {
                "privateContactRoles": {
                    "$ref": "#/definitions/contactRoles",
                },
                "firstName": {
                    "type": "string",
                    "pattern": "^[^<>!@#$%^&*]+$",
                    "minLength": 1,
                    "maxLength": 30,
                    "title": "firstName"
                },
                "lastName": {
                    "type": "string",
                    "pattern": "^[^<>!@#$%^&*]+$",
                    "minLength": 1,
                    "maxLength": 30,
                    "title": "lastName"
                },
                "email": {
                    "type": "string",
                    "title": "email",
                    "pattern": "^([a-zA-Z0-9_\\-\\.]+)@((\\[[0-9]{1,3}\\.[0-9]{1,3}\\.[0-9]{1,3}\\.)|(([a-zA-Z0-9\\-]+\\.)+))([a-zA-Z]{2,24}|[0-9]{1,3})$",
                    "description": "Internet Email address, see RFC 5322, section 3.4.1.",
                    "minLength": 2,
                    "maxLength": 100
                },
                "phone": {
                    "type": "string",
                    "title": "phone",
                    "pattern": "^[0-9\\(\\)\\+\\-]+$",
                    "minLength": 2,
                    "maxLength": 30,
                },
                "contactId": {
                    "type": [ "string", "null" ],
                    "title": "contactId",
                    "maxLength": 100,

                }
            },
            "required": [ "privateContactRoles", "firstName", "lastName", "email", "phone" ],
            "additionalProperties": false
        }

    }
    }
