{
    "$schema": "http://json-schema.org/draft-04/schema#",
    "id": "customer",
    "type": "object",
    "properties": {
        "customerId": {
            "type": [
                "string",
                "null"
            ],
            "description": "customer id"
        },
        "partnerId": {
            "type": "string",
            "description": "partner id"
        },
        "customerName": {
            "type": "string",
            "pattern": "^[^<>#$%^*]+$",
            "minLength": 2,
            "maxLength": 100,
            "description": "customer Account Name"
        },
        "customerType": {
            "type": "string",
            "description": "customer Type"
        },
        "locale": {
            "type": "string",
            "minLength": 2,
            "maxLength": 30,
            "description": "Locale Identifier"
        },
        "ownerUserEmail": {
            "type": "string",
            "title": "email",
            "pattern": "^([a-zA-Z0-9_\\-\\.]+)@((\\[[0-9]{1,3}\\.[0-9]{1,3}\\.[0-9]{1,3}\\.)|(([a-zA-Z0-9\\-]+\\.)+))([a-zA-Z]{2,24}|[0-9]{1,3})$",
            "description": "Internet Email address, see RFC 5322, section 3.4.1.",
            "minLength": 2,
            "maxLength": 100
        },
        "naicsCompanyCode": {
            "type": "string",
            "description": "NAICS Industry code"
        },
        "employeeCount": {
            "type": "integer",
            "minimum": 1,
            "maximum": 999999,
            "description": "Number of customer employees"
        },
		"tenantId": {
            "type": [ "string", "null" ],
            "description": "Customer's TenantId"
        },
        "manageSecurity": {
            "type": [
                "boolean",
                "null"
            ],
            "default": "true",
            "description": "Manage Security Flag"
        },
		"tenantId": {
			"type": [ "string", "null" ],
			"description": "Customer's TenantId"
		},
		"customerReferenceNumber": {
		  "type": [ "string", "null" ],
		  "description": "Customer reference number",
		  "pattern": "^[^<>%^&*;]*$",
		  "maxLength": 20
		},
        "shippingAddress": {
            "title": "shippingAddress",
            "type": [
                "object",
                "null"
            ],
            "$ref": "Common.json#/definitions/address"
        },
        "billingAddress": {
            "title": "billingAddress",
            "type": [
                "object",
                "null"
            ],
            "$ref": "Common.json#/definitions/address"
        },
        "customerContactData": {
            "title": "myContacts",
            "type": [
                "array",
                "null"
            ],
            "items": {
                "$ref": "Common.json#/definitions/privateContact"
            }
        },
        "parentContactData": {
            "title": "parentContacts",
            "type": [
                "array",
                "null"
            ],
            "items": {
                "$ref": "Common.json#/definitions/parentContact"
            }
        },
        "links": {
            "type": [
                "array",
                "null"
            ],
            "items": {
                "$ref": "Link.json#/definitions/link"
            }
        }
    },
    "required": [
        "partnerId",
        "customerName",
        "ownerUserEmail"
    ],
  "additionalProperties": false
}