﻿{
    "$schema": "http://json-schema.org/draft-04/schema#",

	"id": "EmailNotification",
    "type": "object",
    "properties": {
		"sendePOAccountInformationEmail": {
			"type": [
                "boolean",
                "null"
            ],
			"description": "Send ePO Account Information Email"
		},
        "sendePOProductInstallationInformationEmail": {
            "type": [
                "boolean",
                "null"
            ],
            "description": "Send ePO Product Installation Information Email"
        },
        "sendTPSAccountInformationEmail": {
            "type": [
                "boolean",
                "null"
            ],
            "description": "Send TPS Account Information Email"
        },
        "sendTPSProductInstallationInformationEmail": {
			"type": [
                "boolean",
                "null"
            ],
			"description": "Send TPS Product Installation Information Email"
		},
		"sendMvisionAccountInformationEmail": {
		  "type": [
			"boolean",
			"null"
		  ],
		  "description": "Send MVISION Account Information Email"
		},
		"sendMvisionProductInstallationInformationEmail": {
		  "type": [
			"boolean",
			"null"
		  ],
		  "description": "Send MVISION Product Installation Information Email"
		}
	  },
		"additionalProperties": false
}