{
  "$schema": "http://json-schema.org/draft-04/schema#",
  "definitions": {
    "link": {
      "type": [
        "object",
        "null"
      ],
      "properties": {
        "rel": {
          "type": "string",
          "pattern": "^[^0-9<>!@#$%^&\\s]+$",
          "minLength": 4,
          "maxLength": 25
        },
        "href": {
          "type": "string",
          "pattern": "^(http(?:s)?\\://[a-zA-Z0-9]+(?:(?:\\.|\\-)[a-zA-Z0-9]+)+(?:\\:\\d+)?(?:/[\\w\\-]+)*(?:/?|/\\w+\\.[a-zA-Z]{2,4}(?:\\?[\\w]+\\=[\\w\\-]+)?)?(?:\\&[\\w]+\\=[\\w\\-]+)*)$",
          "minLength": 8,
          "maxLength": 100
        },
        "title": {
          "type": "string",
          "pattern": "^[^<>*]+$",
          "minLength": 10,
          "maxLength": 100
        },
        "mediaType": {
          "type": "string",
          "pattern": "\\w+/[-.\\w]+(?:\\+[-.\\w]+)?",
          "minLength": 10,
          "maxLength": 100
        },
        "method": {
          "type": "string",
          "pattern": "^[^0-9<>!@#$%^&\\s]+$",
          "minLength": 4,
          "maxLength": 100
        }
      }
    }
  }
}