﻿{
    "$schema": "http://json-schema.org/draft-04/schema#",

	"id": "moveCustomer",
    "type": "object",
    "properties": {
		"newPartnerId": {
			"type": "string",
			"description": "partner id",
			"minLength": 2
		},
		"sourcePartnerId": {
			"type": "string",
			"description": "source partner id",
			"minLength": 2
		},
		"customerId": {
			"type": "string",
			"description": "customer id",
			"minLength": 2
		}
	},
    "required": [ "newPartnerId", "sourcePartnerId", "customerId" ],
	"additionalProperties": false
}