{
  "$schema": "http://json-schema.org/draft-04/schema#",
  "definitions": {
    "orderItem": {
      "type": "object",
      "properties": {
        "productId": {
          "type": "string",
          "title": "productId",
          "description": "product Id"
        },
        "quantity": {
          "type": "integer",
          "pattern": "^[1-9][0-9]{0,5}$",
          "minimum": 1,
          "maximum": 999999,
          "title": "Quantity",
          "description": "quantity"
        },
        "serviceStartUtc": {
          "type": [
            "string",
            "null"
          ],
          "format": "date-time",
          "description": "service start date "
        },
        "serviceEndUtc": {
          "type": [
            "string",
            "null"
          ],
          "format": "date-time",
          "description": "service end date "
        },
        "addonProducts": {
          "type": [
            "array",
            "null"
          ],
          "title": "orderItemAddOns",
          "items": {
            "type": "object",
            "properties": {
              "productId": {
                "type": "string",
                "title": "productId",
                "description": "Add-on product Id"
              },
              "quantity": {
                "type": "integer",
                "pattern": "^[1-9][0-9]{0,5}$",
                "minimum": 1,
                "maximum": 99999,
                "title": "Quantity",
                "description": "quantity"
              }
            },
            "required": [
              "productId",
              "quantity"
            ],
            "additionalProperties": false
          }
        }
      },
      "required": [
        "productId",
        "quantity"
      ],
      "additionalProperties": false
    },
    "orderComments": {
      "type": "object",
        "properties": {
            "key": {
                "type": "string",
                "minLength": 1,
                "title": "key",
                "description": "Key"
            },
            "commentsText": {
                "type": "string",
                "minLength": 1,
                "title": "CommentsText"
            }
        },
        "required": [
          "key",
          "commentsText"
        ],
      "additionalProperties": false
    }
  },
  "id": "order",
  "type": "object",
  "properties": {
    "customerId": {
      "type": "string",
      "description": "customer id"
    },
    "partnerId": {
      "type": "string",
      "description": "partner id"
    },
    "orderId": {
      "type": [
        "string",
        "null"
      ],
      "description": "order id"
    },
    "orderState": {
        "type": [
            "string",
            "null"
        ],
        "description": "state of the order which returns whether the order is active, expired, future, cancelled, superseeded... "
    },
    "orderStatus": {
        "type": [
            "string",
            "null"
        ],
        "description": "status of the order which returns whether the order has been provisioned or is still processing"
    },
    "startDate": {
      "type": "string",
      "format": "date-time",
      "description": "Date order Starts"
    },
    "endDate": {
      "type": [
        "string",
        "null"
      ],
      "format": "date-time",
      "description": "Date order Ends"
    },
    "submissionUtc": {
      "type": [
        "string",
        "null"
      ],
      "format": "date-time",
      "description": "order submission date "
    },
    "terminationUtc": {
      "type": [
        "string",
        "null"
      ],
      "format": "date-time",
      "description": "order termination date "
    },
    "currencyCode": {
      "type": "string",
      "description": "currency code"
    },
    "term": {
      "type": "string",
      "enum": [
        "RecurringMonthly",
        "RecurringAnnual",
        "FixedOneYear",
        "FixedTwoYear",
        "FixedThreeYear",
        "Trial",
        "Open"
      ],
      "description": "order Term"
    },
    "replacesOrderIds": {
      "type": [
        "array",
        "null"
      ],
      "items": {
        "type": "string",
        "description": "orderIdToBeReplaced"
      },
      "description": "Existing orders that are replaced by the order",
      "title": "replacesOrderIds"
    },
    "orderItems": {
      "type": "array",
      "title": "orderItems",
      "items": {
        "$ref": "#/definitions/orderItem"
      }
    },
    "comments": {
      "type": [
        "array",
        "null"
      ],
      "description": "client comments",
      "items": {
        "$ref": "#/definitions/orderComments"
      }
    },
    "links": {
      "type": [
        "array",
        "null"
      ],
      "items": {
        "$ref": "Link.json#/definitions/link"
      }
    }
  },
  "required": [
    "customerId",
    "partnerId",
    "startDate",
    "currencyCode",
    "term",
    "orderItems"
  ],
  "additionalProperties": false
}