﻿{
    "$schema": "http://json-schema.org/draft-04/schema#",
    "definitions": {
        "address": {
            "type": [ "object", "null" ],
            "properties": {
                "addressLine1": {
                    "type": [ "string", "null" ],
                    "pattern": "^[^<>*]+$",
                    "minLength": 2,
                    "maxLength": 100
                },
                "addressLine2": {
                    "type": [ "string", "null" ],
                    "pattern": "^[^<>*]*$",
                    "title": "addressLine2",
                    "maxLength": 100
                },
                "city": {
                    "type": [ "string", "null" ],
                    "title": "city",
                    "pattern": "^[^0-9<>!@#$%^&]+$",
                    "minLength": 2,
                    "maxLength": 100
                },
                "state": {
                    "type": [ "string", "null" ],
                    "title": "state",
                    "maxLength": 100
                },
                "postalCode": {
                    "type": [ "string", "null" ],
                    "title": "postalCode",
                    "maxLength": 30,
                    "description": "Zip or Postal Code"
                },
                "country": {
                    "type": [ "string", "null" ],
                    "pattern": "^[a-zA-Z]{2,}$",
                    "minLength": 2,
                    "maxLength": 30
                }
            },
            "additionalProperties": false
        },

        "contactRoles": {
            "type": "object",
            "properties": {
                "roles": {
                    "type": "array",
                    "title": "roles",
                    "items": {
                        "type": "string",
                        "enum": [ "Primary", "Technical", "Billing" ]
                    },
                    "uniqueItems": true,
                    "default": "Primary",
                    "additionalItems": false
                }
            },
            "required": [ "roles" ],
            "additionalProperties": false
        },

        "parentContact": {
            "type": [ "object", "null" ],

            "properties": {
                "contactId": {
                    "type": [ "string", "null" ],
                    "title": "contactId",
                    "minLength": 2,
                    "maxLength": 100
                },
                "parentContactRoles": {
                    "$ref": "#/definitions/contactRoles"
                }
            },
            "required": [ "contactId", "parentContactRoles" ],
            "additionalProperties": false
        },

        "privateContact": {
            "type": [ "object", "null" ],
            "properties": {
                "privateContactRoles": {
                    "$ref": "#/definitions/contactRoles",
                },
                "firstName": {
                    "type": "string",
                    "pattern": "^[^<>!@#$%^&*]+$",
                    "minLength": 1,
                    "maxLength": 30,
                    "title": "firstName"
                },
                "lastName": {
                    "type": "string",
                    "pattern": "^[^<>!@#$%^&*]+$",
                    "minLength": 1,
                    "maxLength": 30,
                    "title": "lastName"
                },
                "email": {
                    "type": "string",
                    "title": "email",
                    "pattern": "^([a-zA-Z0-9_\\-\\.]+)@((\\[[0-9]{1,3}\\.[0-9]{1,3}\\.[0-9]{1,3}\\.)|(([a-zA-Z0-9\\-]+\\.)+))([a-zA-Z]{2,24}|[0-9]{1,3})$",
                    "description": "Internet Email address, see RFC 5322, section 3.4.1.",
                    "minLength": 2,
                    "maxLength": 100
                },
                "phone": {
                    "type": "string",
                    "title": "phone",
                    "pattern": "^[0-9\\(\\)\\+\\-]+$",
                    "minLength": 2,
                    "maxLength": 30,
                },
                "contactId": {
                    "type": [ "string", "null" ],
                    "title": "contactId",
                    "maxLength": 100
                }
            },
            "required": [ "privateContactRoles", "firstName", "lastName", "email", "phone" ],
            "additionalProperties": false
        }
    },

    "id": "customer",
    "type": "object",
    "properties": {
        "customerId": {
            "type": [ "string", "null" ],
            "description": "customer id"
        },
        "partnerId": {
            "type": [ "string", "null" ],
            "description": "partner id"
        },
        "customerName": {
            "type": [ "string", "null" ],
            "pattern": "^[^<>#$%^*]+$",
            "minLength": 2,
            "maxLength": 100,
            "description": "customer Account Name"
        },
        "customerType": {
            "type": [ "string", "null" ],
            "description": "customer Type"
        },
        "locale": {
            "type": [ "string", "null" ],
            "maxLength": 30,
            "description": "Locale Identifier"
        },
        "ownerUserEmail": {
            "type": [ "string", "null" ],
            "title": "email",
            "pattern": "^([a-zA-Z0-9_\\-\\.]+)@((\\[[0-9]{1,3}\\.[0-9]{1,3}\\.[0-9]{1,3}\\.)|(([a-zA-Z0-9\\-]+\\.)+))([a-zA-Z]{2,24}|[0-9]{1,3})$",
            "description": "Internet Email address, see RFC 5322, section 3.4.1.",
            "maxLength": 100
        },
        "naicsCompanyCode": {
            "type": [ "string", "null" ],
            "description": "NAICS Industry code"
        },
        "employeeCount": {
            "type": "integer",
            "minimum": 1,
            "maximum": 999999,
            "description": "Number of customer employees"
        },
        "manageSecurity": {
            "type": [ "boolean", "null" ],
            "default": "true",
            "description": "Manage Security Flag"
        },
		"customerReferenceNumber": {
		  "type": [ "string", "null" ],
		  "description": "Customer reference number",
		  "pattern": "^[^<>%^&*;]*$",
		  "maxLength": 20
		},
        "shippingAddress": {
            "title": "shippingAddress",
            "type": [ "object", "null" ],
            "$ref": "#/definitions/address"
        },
        "billingAddress": {
            "title": "billingAddress",
            "type": [ "object", "null" ],
            "$ref": "#/definitions/address"
        },
        "customerContactData": {
            "title": "myContacts",
            "type": [ "array", "null" ],
            "items": { "$ref": "#/definitions/privateContact" }
        },
        "parentContactData": {
            "title": "parentContacts",
            "type": [ "array", "null" ],
            "items": { "$ref": "#/definitions/parentContact" }
        }
    },
    "additionalProperties": false
}