{
  "$schema": "http://json-schema.org/draft-04/schema#",
  "definitions": {
    "logo": {
      "type": "object",
      "properties": {
        "base64Data": {
          "type": [
            "string",
            "null"
          ],
          "title": "base64Data"
        },
        "logoTypeCode": {
          "type": [
            "string",
            "null"
          ],
          "minLength": 2,
          "maxLength": 30,
          "enum": [
            "GIF",
            "PNG",
            "JPG"
          ],
          "title": "logoTypeCode"
        },
        "logoSizeCode": {
          "type": [
            "string",
            "null"
          ],
          "minLength": 2,
          "maxLength": 30,
          "enum": [
            "158X40",
            "80X20"
          ],
          "title": "logoSizeCode"
        },
        "httpUrl": {
          "type": [
            "string",
            "null"
          ],
          "format": "uri",
          "title": "httpUrl"
        },
        "httpsUrl": {
          "type": [
            "string",
            "null"
          ],
          "format": "uri",
          "title": "httspUrl"
        }
      },
      "required": [
        "base64Data",
        "logoTypeCode",
        "logoSizeCode"
      ],
      "additionalProperties": false
    },
    "branding": {
      "type": [
        "object",
        "null"
      ],
      "properties": {
        "buyNowUrl": {
          "type": [
            "string",
            "null"
          ],
          "format": "uri",
          "maxLength": 200,
          "title": "buyNowUrl"
        },
        "buyMoreUrl": {
          "type": [
            "string",
            "null"
          ],
          "format": "uri",
          "maxLength": 200,
          "title": "buyMoreUrl"
        },
        "renewalUrl": {
          "type": [
            "string",
            "null"
          ],
          "format": "uri",
          "maxLength": 200,
          "title": "renewalUrl"
        },
        "fromEmail": {
          "type": [
            "string",
            "null"
          ],
          "pattern": "^([a-zA-Z0-9_\\-\\.]+)@((\\[[0-9]{1,3}\\.[0-9]{1,3}\\.[0-9]{1,3}\\.)|(([a-zA-Z0-9\\-]+\\.)+))([a-zA-Z]{2,24}|[0-9]{1,3})$",
          "maxLength": 100,
          "title": "fromEmail"
        },
        "supportInfo": {
          "type": [
            "string",
            "null"
          ],
          "maxLength": 1000,
          "title": "supportInfo"
        },
        "supportUrl": {
          "type": [
            "string",
            "null"
          ],
          "format": "uri",
          "maxLength": 100,
          "title": "supportUrl"
        },
        "logos": {
          "title": "logos",
          "type": "array",
          "items": {
            "$ref": "#/definitions/logo"
          }
        }
      },
      "additionalProperties": false
    }
  },
  "id": "partner",
  "type": "object",
  "properties": {
    "partnerId": {
      "type": [
        "string",
        "null"
      ],
      "description": "partner id"
    },
    "partnerName": {
      "type": "string",
      "pattern": "^[^<>#$%^*]+$",
      "minLength": 2,
      "maxLength": 100,
      "description": "partner Account Name"
    },
    "parentPartnerId": {
      "type": "string",
      "minLength": 2
    },
    "locale": {
      "type": "string",
      "minLength": 2,
      "maxLength": 30,
      "description": "Locale Identifier"
    },
    "naicsCompanyCode": {
      "type": "string",
      "maxLength": 9,
      "description": "NAICS Industry code"
    },
    "employeeCount": {
      "type": "integer",
      "minimum": 1,
      "maximum": 999999,
      "description": "Number of partner employees"
    },
    "sendEmailToPartnerManagedCustomer": {
      "type": "string",
      "enum": [
        "BasedOnCustomerManagedFlag",
        "EmailToCustomer",
        "OnlySubscriptionEmailsBasedOnCustomerManagedFlag",
        "OnlySubscriptionEmailsToCustomer",
        "DoNotSendEmails",
        "OnlyActivationEmailToCustomer",
        "OnlyActivationEmailToCustomerAndPartner",
        "OnlySubscriptionEmailToCustomerAndPartner",
        "EmailToCustomerAndPartner",
        "OnlyActivationEmailBasedOnCustomerManagedFlag"
      ],
      "description": "Send email to partners based on the email rules"
    },
    "manageSecurity": {
      "type": [
        "boolean",
        "null"
      ],
      "default": "null",
      "description": "Manage Security On Behalf On customers Flag"
    },
    "isSupported": {
      "type": [
        "boolean",
        "null"
      ],
      "default": "null",
      "description": "Manage the support for the partner's customer by Trellix/Skyhigh based on this flag value"
    },
    "partnerType": {
      "type": [ "string", "null" ],
      "enum": [
        "MSP",
        "MSPSubPartner",
        "OEMSubPartner",
        "ResellerManaged"
      ],
      "description": "Partner Type of sub partner being created"
    },
    "shippingAddress": {
      "type": [
        "object",
        "null"
      ],
      "$ref": "Common.json#/definitions/address"
    },
    "billingAddress": {
      "type": [
        "object",
        "null"
      ],
      "$ref": "Common.json#/definitions/address"
    },
    "myContactData": {
      "title": "myContacts",
      "type": [
        "array",
        "null"
      ],
      "items": {
        "$ref": "Common.json#/definitions/privateContact"
      }
    },
    "parentContactData": {
      "title": "parentContacts",
      "type": [
        "array",
        "null"
      ],
      "items": {
        "$ref": "Common.json#/definitions/parentContact"
      }
    },
    "productGroups": {
      "title": "productGroups",
      "description": "Product groups that partner can sell",
      "type": [
        "array",
        "null"
      ],
      "items": {
        "type": "string",
        "description": "Product group"
      }
    },
    "branding": {
      "$ref": "#/definitions/branding"
    },
    "links": {
      "type": [
        "array",
        "null"
      ],
      "items": {
        "$ref": "Link.json#/definitions/link"
      }
    }
  },
  "required": [
    "parentPartnerId",
    "sendEmailToPartnerManagedCustomer"
  ],
  "additionalProperties": false
}