{
  "$schema": "http://json-schema.org/draft-04/schema#",

  "id": "User",
  "type": "object",
  "properties": {
    "partnerId": {
      "type": "string",
      "description": "partner id"
    },
    "userId": {
      "type": [ "string", "null" ],
      "description": "user id"
    },
    "userName": {
      "type": [ "string", "null" ],
      "description": "user name"
    },
    "emailAddress": {
      "type": "string",
      "title": "emailAddress",
      "pattern": "^([a-zA-Z0-9_\\-\\.]+)@((\\[[0-9]{1,3}\\.[0-9]{1,3}\\.[0-9]{1,3}\\.)|(([a-zA-Z0-9\\-]+\\.)+))([a-zA-Z]{2,24}|[0-9]{1,3})$",
      "minLength": 6,
      "maxLength": 100,
      "description": "Internet Email address, see RFC 5322, section 3.4.1."
    },
    "firstName": {
      "type": "string",
      "pattern": "^[^<>!@#$%^&*]+$",
      "minLength": 1,
      "maxLength": 30,
      "title": "firstName"
    },
    "lastName": {
      "type": "string",
      "pattern": "^[^<>!@#$%^&*]+$",
      "minLength": 1,
      "maxLength": 30,
      "title": "lastName"
    },
    "businessTitle": {
      "type": "string",
      "pattern": "^[^<>!@#$%^&*]+$",
      "minLength": 1,
      "maxLength": 30,
      "title": "businessTitle"
    },
    "alternativeEmailAddress": {
      "type": "string",
      "title": "alternativeEmailAddress",
      "pattern": "^([a-zA-Z0-9_\\-\\.]+)@((\\[[0-9]{1,3}\\.[0-9]{1,3}\\.[0-9]{1,3}\\.)|(([a-zA-Z0-9\\-]+\\.)+))([a-zA-Z]{2,24}|[0-9]{1,3})$",
      "minLength": 6,
      "maxLength": 100,
      "description": "Internet Email address, see RFC 5322, section 3.4.1."
    },
    "phoneNumber": {
      "type": "string",
      "title": "phone",
      "pattern": "^[0-9\\(\\)\\+\\-]+$",
      "minLength": 2,
      "maxLength": 30
    },
    "extension": {
      "type": "string",
      "title": "extension",
      "pattern": "^[0-9\\(\\)\\+\\-]+$",
      "minLength": 2,
      "maxLength": 30
    },
    "alternativePhoneNumber": {
      "type": "string",
      "title": "alternativePhoneNumber",
      "pattern": "^[0-9\\(\\)\\+\\-]+$",
      "minLength": 2,
      "maxLength": 30
    },
    "faxNumber": {
      "type": "string",
      "title": "faxNumber",
      "pattern": "^[0-9\\(\\)\\+\\-]+$",
      "minLength": 2,
      "maxLength": 30
    },
    "links": {
      "type": [ "array", "null" ],
      "items": {
        "$ref": "Link.json#/definitions/link"
      }
    }
  },
  "required": [
    "emailAddress",
    "firstName",
    "lastName",
    "phoneNumber"
  ],
  "additionalProperties": false
}
